<?xml version="1.0" encoding="UTF-8"?>
<!DOCTYPE mapper PUBLIC "-//mybatis.org//DTD Mapper 3.0//EN" "http://mybatis.org/dtd/mybatis-3-mapper.dtd">

<mapper namespace="board">
	<insert id="write" useGeneratedKeys="true" keyProperty="id">
		insert board(title,body) values(#{title},#{body})
	</insert>
	
	<select id="view" resultType="Board">
		select * from board where id=#{id}
	</select>
	<update id="modify">
		update board set title=#{title},body=#{body}
		where id=#{id}
	</update>
	<select id="list" resultType="Board">
		select * from board
		limit #{skip},#{itemPerPage}
	</select>
	<delete id="delete">
		delete from board where id=#{id}
	</delete>
	<select id="count" resultType="Navigator">
		select count(*) count from board
	</select>
	<update id="viewCountUp">
		update board set viewCount=#{viewCount} where id=#{id}
	</update>
	
</mapper>